Title,URL,Emails
Error Occured,https://www.international-schools-database.com/in/amsterdam/top-schools-in-amsterdam,Error Occured
Home - Amsterdam School Finder,https://schoolwijzer.amsterdam.nl/en/,"['leerlingenvervoer@amsterdam.nl', 'toelatingsbeleid@bboamsterdam.nl']"
Overview of primary schools - Amsterdam School Finder,https://schoolwijzer.amsterdam.nl/en/po,"['leerlingenvervoer@amsterdam.nl', 'toelatingsbeleid@bboamsterdam.nl']"
Error Occured,https://www.international-schools-database.com/in/amsterdam,Error Occured
Error Occured,https://www.international-schools-database.com/in/amsterdam/the-british-school-of-amsterdam,Error Occured
Error Occured,https://www.international-schools-database.com/in/amsterdam/amsterdam-international-community-school,Error Occured
Error Occured,https://www.international-schools-database.com/in/amsterdam/amity-international-school-amsterdam,Error Occured
Find the right school | I amsterdam,https://www.iamsterdam.com/en/living/education-and-family/finding-a-school,['meetings@iamsterdam.com']
Going local: Dutch public schools for expat families | I amsterdam,https://www.iamsterdam.com/en/living/education-and-family/finding-a-school/dutch-public-schools-for-expat-families,['meetings@iamsterdam.com']
Primary school in Amsterdam | I amsterdam,https://www.iamsterdam.com/en/living/education-and-family/primary-school,['meetings@iamsterdam.com']
